<?xml version='1.0' encoding='UTF-8'?>
<feed xmlns="http://www.w3.org/2005/Atom" xml:lang="en"><id>https://cheatsheetseries.owasp.org/</id><title>OWASP Cheat Sheet Series update</title><updated>2025-02-25T20:39:45+00:00</updated><author><name>Core team</name><email>dominique.righetto@owasp.org</email></author><link href="https://cheatsheetseries.owasp.org" rel="self"/><link href="https://github.com/OWASP/CheatSheetSeries" rel="alternate"/><generator uri="https://lkiesow.github.io/python-feedgen" version="1.0.0">python-feedgen</generator><icon>https://cheatsheetseries.owasp.org/gitbook/images/favicon.ico</icon><subtitle>List of the last updates on the content</subtitle><entry><id>https://github.com/OWASP/CheatSheetSeries/pull/1470</id><title>Fixed Typos in Kubernetes Cheat Sheet</title><updated>2024-08-08T08:42:55+00:00</updated><link href="https://github.com/OWASP/CheatSheetSeries/pull/1470"/><link href="https://github.com/OWASP/CheatSheetSeries/pull/1470"/><published>2024-08-08T08:42:55+00:00</published></entry><entry><id>https://github.com/OWASP/CheatSheetSeries/pull/1471</id><title>I added a few rephrases</title><updated>2024-08-08T08:42:35+00:00</updated><link href="https://github.com/OWASP/CheatSheetSeries/pull/1471"/><link href="https://github.com/OWASP/CheatSheetSeries/pull/1471"/><published>2024-08-08T08:42:35+00:00</published></entry><entry><id>https://github.com/OWASP/CheatSheetSeries/pull/1472</id><title>Update dependencies for vulnerabilities</title><updated>2024-08-08T08:42:09+00:00</updated><link href="https://github.com/OWASP/CheatSheetSeries/pull/1472"/><link href="https://github.com/OWASP/CheatSheetSeries/pull/1472"/><published>2024-08-08T08:42:09+00:00</published></entry><entry><id>https://github.com/OWASP/CheatSheetSeries/pull/1473</id><title>docs: update kubernetes cs for pod security standards</title><updated>2024-09-03T07:52:11+00:00</updated><link href="https://github.com/OWASP/CheatSheetSeries/pull/1473"/><link href="https://github.com/OWASP/CheatSheetSeries/pull/1473"/><published>2024-09-03T07:52:11+00:00</published></entry><entry><id>https://github.com/OWASP/CheatSheetSeries/pull/1474</id><title>fixed typos in DOM Clobbering Cheatsheet "Clobberng" to "Clobbering"</title><updated>2024-08-08T08:24:21+00:00</updated><link href="https://github.com/OWASP/CheatSheetSeries/pull/1474"/><link href="https://github.com/OWASP/CheatSheetSeries/pull/1474"/><published>2024-08-08T08:24:21+00:00</published></entry><entry><id>https://github.com/OWASP/CheatSheetSeries/pull/1475</id><title>PHP cheat sheet: Correct exception_ignore_args</title><updated>2024-08-08T10:43:53+00:00</updated><link href="https://github.com/OWASP/CheatSheetSeries/pull/1475"/><link href="https://github.com/OWASP/CheatSheetSeries/pull/1475"/><published>2024-08-08T10:43:53+00:00</published></entry><entry><id>https://github.com/OWASP/CheatSheetSeries/pull/1476</id><title>Fix inconsistent indentation in `.textlintrc`</title><updated>2024-08-13T08:20:18+00:00</updated><link href="https://github.com/OWASP/CheatSheetSeries/pull/1476"/><link href="https://github.com/OWASP/CheatSheetSeries/pull/1476"/><published>2024-08-13T08:20:18+00:00</published></entry><entry><id>https://github.com/OWASP/CheatSheetSeries/pull/1477</id><title>Update XSS_Filter_Evasion_Cheat_Sheet.md</title><updated>2024-08-29T06:55:26+00:00</updated><link href="https://github.com/OWASP/CheatSheetSeries/pull/1477"/><link href="https://github.com/OWASP/CheatSheetSeries/pull/1477"/><published>2024-08-29T06:55:26+00:00</published></entry><entry><id>https://github.com/OWASP/CheatSheetSeries/pull/1478</id><title>Legacy systems cheat sheet</title><updated>2024-08-29T06:54:55+00:00</updated><link href="https://github.com/OWASP/CheatSheetSeries/pull/1478"/><link href="https://github.com/OWASP/CheatSheetSeries/pull/1478"/><published>2024-08-29T06:54:55+00:00</published></entry><entry><id>https://github.com/OWASP/CheatSheetSeries/pull/1483</id><title>Improve Log4j configuration examples</title><updated>2024-11-19T19:21:48+00:00</updated><link href="https://github.com/OWASP/CheatSheetSeries/pull/1483"/><link href="https://github.com/OWASP/CheatSheetSeries/pull/1483"/><contributor><name>ppkarwasz</name><uri>https://github.com/ppkarwasz</uri></contributor><published>2024-11-19T19:21:48+00:00</published></entry><entry><id>https://github.com/OWASP/CheatSheetSeries/pull/1484</id><title>Update Cross_Site_Scripting_Prevention_Cheat_Sheet.md</title><updated>2024-09-09T14:09:19+00:00</updated><link href="https://github.com/OWASP/CheatSheetSeries/pull/1484"/><link href="https://github.com/OWASP/CheatSheetSeries/pull/1484"/><published>2024-09-09T14:09:19+00:00</published></entry><entry><id>https://github.com/OWASP/CheatSheetSeries/pull/1485</id><title>Fix typo in REST_Security_Cheat_Sheet.md</title><updated>2024-09-10T16:51:17+00:00</updated><link href="https://github.com/OWASP/CheatSheetSeries/pull/1485"/><link href="https://github.com/OWASP/CheatSheetSeries/pull/1485"/><published>2024-09-10T16:51:17+00:00</published></entry><entry><id>https://github.com/OWASP/CheatSheetSeries/pull/1487</id><title>Update IndexProactiveControls.md  to archive/2018</title><updated>2024-09-11T13:23:46+00:00</updated><link href="https://github.com/OWASP/CheatSheetSeries/pull/1487"/><link href="https://github.com/OWASP/CheatSheetSeries/pull/1487"/><published>2024-09-11T13:23:46+00:00</published></entry><entry><id>https://github.com/OWASP/CheatSheetSeries/pull/1488</id><title>Update Session ID Entropy/Length in Session_Management_Cheat_Sheet.md</title><updated>2024-09-11T15:28:49+00:00</updated><link href="https://github.com/OWASP/CheatSheetSeries/pull/1488"/><link href="https://github.com/OWASP/CheatSheetSeries/pull/1488"/><published>2024-09-11T15:28:49+00:00</published></entry><entry><id>https://github.com/OWASP/CheatSheetSeries/pull/1489</id><title>Remove Caret char in SSCS</title><updated>2024-09-12T13:02:06+00:00</updated><link href="https://github.com/OWASP/CheatSheetSeries/pull/1489"/><link href="https://github.com/OWASP/CheatSheetSeries/pull/1489"/><published>2024-09-12T13:02:06+00:00</published></entry><entry><id>https://github.com/OWASP/CheatSheetSeries/pull/1490</id><title>Update few more mistakes in SSCS</title><updated>2024-09-12T13:47:36+00:00</updated><link href="https://github.com/OWASP/CheatSheetSeries/pull/1490"/><link href="https://github.com/OWASP/CheatSheetSeries/pull/1490"/><published>2024-09-12T13:47:36+00:00</published></entry><entry><id>https://github.com/OWASP/CheatSheetSeries/pull/1491</id><title>fix CRSF -&gt; CSRF typo</title><updated>2024-09-15T13:23:08+00:00</updated><link href="https://github.com/OWASP/CheatSheetSeries/pull/1491"/><link href="https://github.com/OWASP/CheatSheetSeries/pull/1491"/><published>2024-09-15T13:23:08+00:00</published></entry><entry><id>https://github.com/OWASP/CheatSheetSeries/pull/1495</id><title>Add Threat modeling for builders, Threat Composer</title><updated>2024-09-25T18:45:47+00:00</updated><link href="https://github.com/OWASP/CheatSheetSeries/pull/1495"/><link href="https://github.com/OWASP/CheatSheetSeries/pull/1495"/><published>2024-09-25T18:45:47+00:00</published></entry><entry><id>https://github.com/OWASP/CheatSheetSeries/pull/1496</id><title>Tech writer enhanced clarity of document.</title><updated>2024-10-01T10:23:53+00:00</updated><link href="https://github.com/OWASP/CheatSheetSeries/pull/1496"/><link href="https://github.com/OWASP/CheatSheetSeries/pull/1496"/><published>2024-10-01T10:23:53+00:00</published></entry><entry><id>https://github.com/OWASP/CheatSheetSeries/pull/1497</id><title>Adding policies and legitify references</title><updated>2024-09-29T15:46:36+00:00</updated><link href="https://github.com/OWASP/CheatSheetSeries/pull/1497"/><link href="https://github.com/OWASP/CheatSheetSeries/pull/1497"/><published>2024-09-29T15:46:36+00:00</published></entry><entry><id>https://github.com/OWASP/CheatSheetSeries/pull/1498</id><title>Update upload-artifact to supported version</title><updated>2024-09-29T15:10:52+00:00</updated><link href="https://github.com/OWASP/CheatSheetSeries/pull/1498"/><link href="https://github.com/OWASP/CheatSheetSeries/pull/1498"/><published>2024-09-29T15:10:52+00:00</published></entry><entry><id>https://github.com/OWASP/CheatSheetSeries/pull/1500</id><title>Update build-and-deploy-website.yml</title><updated>2024-09-30T08:56:58+00:00</updated><link href="https://github.com/OWASP/CheatSheetSeries/pull/1500"/><link href="https://github.com/OWASP/CheatSheetSeries/pull/1500"/><published>2024-09-30T08:56:58+00:00</published></entry><entry><id>https://github.com/OWASP/CheatSheetSeries/pull/1502</id><title>Fix file name</title><updated>2024-09-30T15:25:36+00:00</updated><link href="https://github.com/OWASP/CheatSheetSeries/pull/1502"/><link href="https://github.com/OWASP/CheatSheetSeries/pull/1502"/><published>2024-09-30T15:25:36+00:00</published></entry><entry><id>https://github.com/OWASP/CheatSheetSeries/pull/1503</id><title>fix: Fix files' names for Software_Supply_Chain_Security.md and Webhook_Security_Guidelines_CheatSheet.md</title><updated>2024-10-01T08:53:47+00:00</updated><link href="https://github.com/OWASP/CheatSheetSeries/pull/1503"/><link href="https://github.com/OWASP/CheatSheetSeries/pull/1503"/><published>2024-10-01T08:53:47+00:00</published></entry><entry><id>https://github.com/OWASP/CheatSheetSeries/pull/1504</id><title>Correct type of clobbered object properties from `HTMLElement` to `Element`</title><updated>2024-10-01T13:11:46+00:00</updated><link href="https://github.com/OWASP/CheatSheetSeries/pull/1504"/><link href="https://github.com/OWASP/CheatSheetSeries/pull/1504"/><published>2024-10-01T13:11:46+00:00</published></entry><entry><id>https://github.com/OWASP/CheatSheetSeries/pull/1507</id><title>explicitly warn against complexity rules</title><updated>2024-10-01T13:06:39+00:00</updated><link href="https://github.com/OWASP/CheatSheetSeries/pull/1507"/><link href="https://github.com/OWASP/CheatSheetSeries/pull/1507"/><published>2024-10-01T13:06:39+00:00</published></entry><entry><id>https://github.com/OWASP/CheatSheetSeries/pull/1510</id><title>Clarify that requests with Content-Length: 0 do not require a Content…</title><updated>2024-10-03T08:19:02+00:00</updated><link href="https://github.com/OWASP/CheatSheetSeries/pull/1510"/><link href="https://github.com/OWASP/CheatSheetSeries/pull/1510"/><published>2024-10-03T08:19:02+00:00</published></entry><entry><id>https://github.com/OWASP/CheatSheetSeries/pull/1511</id><title>fix typo in CSRF cheatsheet</title><updated>2024-10-06T14:18:39+00:00</updated><link href="https://github.com/OWASP/CheatSheetSeries/pull/1511"/><link href="https://github.com/OWASP/CheatSheetSeries/pull/1511"/><published>2024-10-06T14:18:39+00:00</published></entry><entry><id>https://github.com/OWASP/CheatSheetSeries/pull/1513</id><title>CSRF Cheatsheet: Remove sessionID from CSRF Token</title><updated>2024-10-09T09:33:11+00:00</updated><link href="https://github.com/OWASP/CheatSheetSeries/pull/1513"/><link href="https://github.com/OWASP/CheatSheetSeries/pull/1513"/><published>2024-10-09T09:33:11+00:00</published></entry><entry><id>https://github.com/OWASP/CheatSheetSeries/pull/1515</id><title>Update Third_Party_Javascript_Management_Cheat_Sheet.md</title><updated>2024-10-31T15:37:38+00:00</updated><link href="https://github.com/OWASP/CheatSheetSeries/pull/1515"/><link href="https://github.com/OWASP/CheatSheetSeries/pull/1515"/><published>2024-10-31T15:37:38+00:00</published></entry><entry><id>https://github.com/OWASP/CheatSheetSeries/pull/1517</id><title>Browser Extension Top 10 Security Vulnerabilities</title><updated>2024-11-18T16:52:24+00:00</updated><link href="https://github.com/OWASP/CheatSheetSeries/pull/1517"/><link href="https://github.com/OWASP/CheatSheetSeries/pull/1517"/><published>2024-11-18T16:52:24+00:00</published></entry><entry><id>https://github.com/OWASP/CheatSheetSeries/pull/1519</id><title>GH 1518 update authentication</title><updated>2024-10-31T15:44:27+00:00</updated><link href="https://github.com/OWASP/CheatSheetSeries/pull/1519"/><link href="https://github.com/OWASP/CheatSheetSeries/pull/1519"/><published>2024-10-31T15:44:27+00:00</published></entry><entry><id>https://github.com/OWASP/CheatSheetSeries/pull/1521</id><title>Avoid ambiguous encoding for HMAC input</title><updated>2024-11-12T19:44:31+00:00</updated><link href="https://github.com/OWASP/CheatSheetSeries/pull/1521"/><link href="https://github.com/OWASP/CheatSheetSeries/pull/1521"/><published>2024-11-12T19:44:31+00:00</published></entry><entry><id>https://github.com/OWASP/CheatSheetSeries/pull/1522</id><title>Update Threat_Modeling_Cheat_Sheet.md</title><updated>2024-10-31T15:37:07+00:00</updated><link href="https://github.com/OWASP/CheatSheetSeries/pull/1522"/><link href="https://github.com/OWASP/CheatSheetSeries/pull/1522"/><published>2024-10-31T15:37:07+00:00</published></entry><entry><id>https://github.com/OWASP/CheatSheetSeries/pull/1525</id><title>Fix typo in Django_Security_Cheat_Sheet.md</title><updated>2024-10-31T15:36:31+00:00</updated><link href="https://github.com/OWASP/CheatSheetSeries/pull/1525"/><link href="https://github.com/OWASP/CheatSheetSeries/pull/1525"/><published>2024-10-31T15:36:31+00:00</published></entry><entry><id>https://github.com/OWASP/CheatSheetSeries/pull/1526</id><title>CI: Update Actions</title><updated>2024-10-31T15:41:40+00:00</updated><link href="https://github.com/OWASP/CheatSheetSeries/pull/1526"/><link href="https://github.com/OWASP/CheatSheetSeries/pull/1526"/><published>2024-10-31T15:41:40+00:00</published></entry><entry><id>https://github.com/OWASP/CheatSheetSeries/pull/1527</id><title>Update requirements.txt</title><updated>2024-10-31T15:48:31+00:00</updated><link href="https://github.com/OWASP/CheatSheetSeries/pull/1527"/><link href="https://github.com/OWASP/CheatSheetSeries/pull/1527"/><published>2024-10-31T15:48:31+00:00</published></entry><entry><id>https://github.com/OWASP/CheatSheetSeries/pull/1528</id><title>Update Secrets_Management_Cheat_Sheet.md</title><updated>2024-11-12T19:40:27+00:00</updated><link href="https://github.com/OWASP/CheatSheetSeries/pull/1528"/><link href="https://github.com/OWASP/CheatSheetSeries/pull/1528"/><published>2024-11-12T19:40:27+00:00</published></entry><entry><id>https://github.com/OWASP/CheatSheetSeries/pull/1529</id><title>Update link to draft-ietf-kitten-password-storage-07</title><updated>2024-11-07T16:41:51+00:00</updated><link href="https://github.com/OWASP/CheatSheetSeries/pull/1529"/><link href="https://github.com/OWASP/CheatSheetSeries/pull/1529"/><published>2024-11-07T16:41:51+00:00</published></entry><entry><id>https://github.com/OWASP/CheatSheetSeries/pull/1530</id><title>Update: Secrets Management Cheat Sheet</title><updated>2024-11-12T21:00:47+00:00</updated><link href="https://github.com/OWASP/CheatSheetSeries/pull/1530"/><link href="https://github.com/OWASP/CheatSheetSeries/pull/1530"/><published>2024-11-12T21:00:47+00:00</published></entry><entry><id>https://github.com/OWASP/CheatSheetSeries/pull/1531</id><title>Update Mobile Application Security Cheat Sheet with iOS-Specific Guidelines</title><updated>2025-01-22T15:43:41+00:00</updated><link href="https://github.com/OWASP/CheatSheetSeries/pull/1531"/><link href="https://github.com/OWASP/CheatSheetSeries/pull/1531"/><published>2025-01-22T15:43:41+00:00</published></entry><entry><id>https://github.com/OWASP/CheatSheetSeries/pull/1533</id><title>Add a note to clarify that null byte prevention does not prevent password shucking</title><updated>2024-11-12T19:38:15+00:00</updated><link href="https://github.com/OWASP/CheatSheetSeries/pull/1533"/><link href="https://github.com/OWASP/CheatSheetSeries/pull/1533"/><published>2024-11-12T19:38:15+00:00</published></entry><entry><id>https://github.com/OWASP/CheatSheetSeries/pull/1539</id><title>Fix capitalization error in CSRF Prevention Cheatsheet</title><updated>2024-11-12T14:26:18+00:00</updated><link href="https://github.com/OWASP/CheatSheetSeries/pull/1539"/><link href="https://github.com/OWASP/CheatSheetSeries/pull/1539"/><published>2024-11-12T14:26:18+00:00</published></entry><entry><id>https://github.com/OWASP/CheatSheetSeries/pull/1540</id><title>Update Input_Validation_Cheat_Sheet.md</title><updated>2024-11-22T14:00:44+00:00</updated><link href="https://github.com/OWASP/CheatSheetSeries/pull/1540"/><link href="https://github.com/OWASP/CheatSheetSeries/pull/1540"/><published>2024-11-22T14:00:44+00:00</published></entry><entry><id>https://github.com/OWASP/CheatSheetSeries/pull/1542</id><title>SSC Cheatsheet Typo Fixes</title><updated>2024-11-15T11:53:18+00:00</updated><link href="https://github.com/OWASP/CheatSheetSeries/pull/1542"/><link href="https://github.com/OWASP/CheatSheetSeries/pull/1542"/><published>2024-11-15T11:53:18+00:00</published></entry><entry><id>https://github.com/OWASP/CheatSheetSeries/pull/1543</id><title>Update Input_Validation_Cheat_Sheet.md</title><updated>2024-11-18T12:48:03+00:00</updated><link href="https://github.com/OWASP/CheatSheetSeries/pull/1543"/><link href="https://github.com/OWASP/CheatSheetSeries/pull/1543"/><published>2024-11-18T12:48:03+00:00</published></entry><entry><id>https://github.com/OWASP/CheatSheetSeries/pull/1544</id><title>Rename BrowserExtensionVulnerabilities.md to Browser_Extension_Vulnerabilities_Cheat_Sheet.md</title><updated>2024-11-22T13:47:17+00:00</updated><link href="https://github.com/OWASP/CheatSheetSeries/pull/1544"/><link href="https://github.com/OWASP/CheatSheetSeries/pull/1544"/><published>2024-11-22T13:47:17+00:00</published></entry><entry><id>https://github.com/OWASP/CheatSheetSeries/pull/1546</id><title>fix(HTTP Headers): remove HTTP in code example</title><updated>2024-11-22T13:46:22+00:00</updated><link href="https://github.com/OWASP/CheatSheetSeries/pull/1546"/><link href="https://github.com/OWASP/CheatSheetSeries/pull/1546"/><published>2024-11-22T13:46:22+00:00</published></entry><entry><id>https://github.com/OWASP/CheatSheetSeries/pull/1548</id><title>Fix links in Legacy_Application_Management_Cheat_Sheet.md</title><updated>2024-11-25T16:34:20+00:00</updated><link href="https://github.com/OWASP/CheatSheetSeries/pull/1548"/><link href="https://github.com/OWASP/CheatSheetSeries/pull/1548"/><published>2024-11-25T16:34:20+00:00</published></entry><entry><id>https://github.com/OWASP/CheatSheetSeries/pull/1549</id><title>Made grammar changes to SQL_Injection_Prevention_Cheat_Sheet</title><updated>2024-11-25T16:31:07+00:00</updated><link href="https://github.com/OWASP/CheatSheetSeries/pull/1549"/><link href="https://github.com/OWASP/CheatSheetSeries/pull/1549"/><published>2024-11-25T16:31:07+00:00</published></entry><entry><id>https://github.com/OWASP/CheatSheetSeries/pull/1550</id><title>DOM Clobbering cheat sheet typo fix</title><updated>2024-11-27T13:29:20+00:00</updated><link href="https://github.com/OWASP/CheatSheetSeries/pull/1550"/><link href="https://github.com/OWASP/CheatSheetSeries/pull/1550"/><published>2024-11-27T13:29:20+00:00</published></entry><entry><id>https://github.com/OWASP/CheatSheetSeries/pull/1551</id><title>Updated the bcrypt description as discussed in #1532</title><updated>2024-12-09T15:59:31+00:00</updated><link href="https://github.com/OWASP/CheatSheetSeries/pull/1551"/><link href="https://github.com/OWASP/CheatSheetSeries/pull/1551"/><published>2024-12-09T15:59:31+00:00</published></entry><entry><id>https://github.com/OWASP/CheatSheetSeries/pull/1552</id><title>Port a Brakeman update to content_tag for Rails 6</title><updated>2024-12-09T16:00:43+00:00</updated><link href="https://github.com/OWASP/CheatSheetSeries/pull/1552"/><link href="https://github.com/OWASP/CheatSheetSeries/pull/1552"/><published>2024-12-09T16:00:43+00:00</published></entry><entry><id>https://github.com/OWASP/CheatSheetSeries/pull/1553</id><title>Update Forgot_Password_Cheat_Sheet.md</title><updated>2024-12-20T10:59:00+00:00</updated><link href="https://github.com/OWASP/CheatSheetSeries/pull/1553"/><link href="https://github.com/OWASP/CheatSheetSeries/pull/1553"/><published>2024-12-20T10:59:00+00:00</published></entry><entry><id>https://github.com/OWASP/CheatSheetSeries/pull/1554</id><title>Update GraphQL_Cheat_Sheet.md</title><updated>2024-12-06T00:04:22+00:00</updated><link href="https://github.com/OWASP/CheatSheetSeries/pull/1554"/><link href="https://github.com/OWASP/CheatSheetSeries/pull/1554"/><published>2024-12-06T00:04:22+00:00</published></entry><entry><id>https://github.com/OWASP/CheatSheetSeries/pull/1556</id><title>Fix link in Threat_Modeling_Cheat_Sheet.md (#1555)</title><updated>2024-12-06T02:53:11+00:00</updated><link href="https://github.com/OWASP/CheatSheetSeries/pull/1556"/><link href="https://github.com/OWASP/CheatSheetSeries/pull/1556"/><published>2024-12-06T02:53:11+00:00</published></entry><entry><id>https://github.com/OWASP/CheatSheetSeries/pull/1557</id><title>Minor grammar updates to the Abuse Case Cheatsheet</title><updated>2025-01-01T00:46:41+00:00</updated><link href="https://github.com/OWASP/CheatSheetSeries/pull/1557"/><link href="https://github.com/OWASP/CheatSheetSeries/pull/1557"/><published>2025-01-01T00:46:41+00:00</published></entry><entry><id>https://github.com/OWASP/CheatSheetSeries/pull/1560</id><title>Update Secrets_Management_Cheat_Sheet.md</title><updated>2024-12-12T17:49:53+00:00</updated><link href="https://github.com/OWASP/CheatSheetSeries/pull/1560"/><link href="https://github.com/OWASP/CheatSheetSeries/pull/1560"/><published>2024-12-12T17:49:53+00:00</published></entry><entry><id>https://github.com/OWASP/CheatSheetSeries/pull/1564</id><title>Update Authorization_Cheat_Sheet.md</title><updated>2024-12-20T10:58:06+00:00</updated><link href="https://github.com/OWASP/CheatSheetSeries/pull/1564"/><link href="https://github.com/OWASP/CheatSheetSeries/pull/1564"/><published>2024-12-20T10:58:06+00:00</published></entry><entry><id>https://github.com/OWASP/CheatSheetSeries/pull/1569</id><title>Minor fixes to the Threat Modelng Cheat Sheet</title><updated>2024-12-29T22:11:17+00:00</updated><link href="https://github.com/OWASP/CheatSheetSeries/pull/1569"/><link href="https://github.com/OWASP/CheatSheetSeries/pull/1569"/><published>2024-12-29T22:11:17+00:00</published></entry><entry><id>https://github.com/OWASP/CheatSheetSeries/pull/1571</id><title>Update w3af URL</title><updated>2025-01-02T09:56:48+00:00</updated><link href="https://github.com/OWASP/CheatSheetSeries/pull/1571"/><link href="https://github.com/OWASP/CheatSheetSeries/pull/1571"/><published>2025-01-02T09:56:48+00:00</published></entry><entry><id>https://github.com/OWASP/CheatSheetSeries/pull/1574</id><title>Improved "sanitization" to "safety"</title><updated>2025-01-03T12:03:07+00:00</updated><link href="https://github.com/OWASP/CheatSheetSeries/pull/1574"/><link href="https://github.com/OWASP/CheatSheetSeries/pull/1574"/><published>2025-01-03T12:03:07+00:00</published></entry><entry><id>https://github.com/OWASP/CheatSheetSeries/pull/1575</id><title>Integrate relationship to threat modeling</title><updated>2025-01-03T13:31:17+00:00</updated><link href="https://github.com/OWASP/CheatSheetSeries/pull/1575"/><link href="https://github.com/OWASP/CheatSheetSeries/pull/1575"/><published>2025-01-03T13:31:17+00:00</published></entry><entry><id>https://github.com/OWASP/CheatSheetSeries/pull/1576</id><title>Updated authentication.md and linked MFA #1520</title><updated>2025-01-07T14:02:23+00:00</updated><link href="https://github.com/OWASP/CheatSheetSeries/pull/1576"/><link href="https://github.com/OWASP/CheatSheetSeries/pull/1576"/><published>2025-01-07T14:02:23+00:00</published></entry><entry><id>https://github.com/OWASP/CheatSheetSeries/pull/1579</id><title>Fix description for XSS Experimental Minimal Encoding Rules #1578</title><updated>2025-01-14T17:07:03+00:00</updated><link href="https://github.com/OWASP/CheatSheetSeries/pull/1579"/><link href="https://github.com/OWASP/CheatSheetSeries/pull/1579"/><published>2025-01-14T17:07:03+00:00</published></entry><entry><id>https://github.com/OWASP/CheatSheetSeries/pull/1581</id><title>Fix function declaration syntax in Node.js security cheat sheet</title><updated>2025-01-16T14:48:43+00:00</updated><link href="https://github.com/OWASP/CheatSheetSeries/pull/1581"/><link href="https://github.com/OWASP/CheatSheetSeries/pull/1581"/><published>2025-01-16T14:48:43+00:00</published></entry><entry><id>https://github.com/OWASP/CheatSheetSeries/pull/1582</id><title>Update Authentication_Cheat_Sheet.md inclusive/neutral terminology</title><updated>2025-01-16T14:59:17+00:00</updated><link href="https://github.com/OWASP/CheatSheetSeries/pull/1582"/><link href="https://github.com/OWASP/CheatSheetSeries/pull/1582"/><published>2025-01-16T14:59:17+00:00</published></entry><entry><id>https://github.com/OWASP/CheatSheetSeries/pull/1583</id><title>Update LDAP_Injection_Prevention_Cheat_Sheet.md inclusive terminology</title><updated>2025-01-16T14:58:51+00:00</updated><link href="https://github.com/OWASP/CheatSheetSeries/pull/1583"/><link href="https://github.com/OWASP/CheatSheetSeries/pull/1583"/><published>2025-01-16T14:58:51+00:00</published></entry><entry><id>https://github.com/OWASP/CheatSheetSeries/pull/1584</id><title>Update Session_Management_Cheat_Sheet.md inclusive/neutral terminology</title><updated>2025-01-16T14:57:29+00:00</updated><link href="https://github.com/OWASP/CheatSheetSeries/pull/1584"/><link href="https://github.com/OWASP/CheatSheetSeries/pull/1584"/><published>2025-01-16T14:57:29+00:00</published></entry><entry><id>https://github.com/OWASP/CheatSheetSeries/pull/1585</id><title>Update Session_Management_Cheat_Sheet.md inclusive/netural terminology</title><updated>2025-01-16T14:50:42+00:00</updated><link href="https://github.com/OWASP/CheatSheetSeries/pull/1585"/><link href="https://github.com/OWASP/CheatSheetSeries/pull/1585"/><published>2025-01-16T14:50:42+00:00</published></entry><entry><id>https://github.com/OWASP/CheatSheetSeries/pull/1586</id><title>Update Session_Management_Cheat_Sheet.md inclusive/neutral terminology</title><updated>2025-01-20T14:12:09+00:00</updated><link href="https://github.com/OWASP/CheatSheetSeries/pull/1586"/><link href="https://github.com/OWASP/CheatSheetSeries/pull/1586"/><published>2025-01-20T14:12:09+00:00</published></entry><entry><id>https://github.com/OWASP/CheatSheetSeries/pull/1587</id><title>Update User_Privacy_Protection_Cheat_Sheet.md inclusive/neutral terminology</title><updated>2025-01-16T14:56:22+00:00</updated><link href="https://github.com/OWASP/CheatSheetSeries/pull/1587"/><link href="https://github.com/OWASP/CheatSheetSeries/pull/1587"/><published>2025-01-16T14:56:22+00:00</published></entry><entry><id>https://github.com/OWASP/CheatSheetSeries/pull/1588</id><title>Update Mobile_Application_Security_Cheat_Sheet.md ampersand removal</title><updated>2025-01-16T14:53:51+00:00</updated><link href="https://github.com/OWASP/CheatSheetSeries/pull/1588"/><link href="https://github.com/OWASP/CheatSheetSeries/pull/1588"/><published>2025-01-16T14:53:51+00:00</published></entry><entry><id>https://github.com/OWASP/CheatSheetSeries/pull/1589</id><title>Update Logging_Cheat_Sheet.md ampersand removal</title><updated>2025-01-16T14:52:07+00:00</updated><link href="https://github.com/OWASP/CheatSheetSeries/pull/1589"/><link href="https://github.com/OWASP/CheatSheetSeries/pull/1589"/><published>2025-01-16T14:52:07+00:00</published></entry><entry><id>https://github.com/OWASP/CheatSheetSeries/pull/1590</id><title>Update Authorization_Testing_Automation_Cheat_Sheet.md spelling error</title><updated>2025-01-16T14:48:17+00:00</updated><link href="https://github.com/OWASP/CheatSheetSeries/pull/1590"/><link href="https://github.com/OWASP/CheatSheetSeries/pull/1590"/><published>2025-01-16T14:48:17+00:00</published></entry><entry><id>https://github.com/OWASP/CheatSheetSeries/pull/1591</id><title>Update Mass_Assignment_Cheat_Sheet.md correcting spelling error</title><updated>2025-01-16T14:55:27+00:00</updated><link href="https://github.com/OWASP/CheatSheetSeries/pull/1591"/><link href="https://github.com/OWASP/CheatSheetSeries/pull/1591"/><published>2025-01-16T14:55:27+00:00</published></entry><entry><id>https://github.com/OWASP/CheatSheetSeries/pull/1592</id><title>https://github.com/OWASP/CheatSheetSeries/issues/1561</title><updated>2025-01-17T13:06:56+00:00</updated><link href="https://github.com/OWASP/CheatSheetSeries/pull/1592"/><link href="https://github.com/OWASP/CheatSheetSeries/pull/1592"/><published>2025-01-17T13:06:56+00:00</published></entry><entry><id>https://github.com/OWASP/CheatSheetSeries/pull/1593</id><title>Update Logging_Cheat_Sheet.md ampersand removal</title><updated>2025-01-17T13:05:20+00:00</updated><link href="https://github.com/OWASP/CheatSheetSeries/pull/1593"/><link href="https://github.com/OWASP/CheatSheetSeries/pull/1593"/><published>2025-01-17T13:05:20+00:00</published></entry><entry><id>https://github.com/OWASP/CheatSheetSeries/pull/1594</id><title>Update NPM_Security_Cheat_Sheet.md spelling error</title><updated>2025-01-17T13:05:52+00:00</updated><link href="https://github.com/OWASP/CheatSheetSeries/pull/1594"/><link href="https://github.com/OWASP/CheatSheetSeries/pull/1594"/><published>2025-01-17T13:05:52+00:00</published></entry><entry><id>https://github.com/OWASP/CheatSheetSeries/pull/1595</id><title>Update Session_Management_Cheat_Sheet.md possession and plural change</title><updated>2025-01-24T08:00:55+00:00</updated><link href="https://github.com/OWASP/CheatSheetSeries/pull/1595"/><link href="https://github.com/OWASP/CheatSheetSeries/pull/1595"/><published>2025-01-24T08:00:55+00:00</published></entry><entry><id>https://github.com/OWASP/CheatSheetSeries/pull/1597</id><title>Upate threat modeling cheatsheet</title><updated>2025-01-28T13:55:41+00:00</updated><link href="https://github.com/OWASP/CheatSheetSeries/pull/1597"/><link href="https://github.com/OWASP/CheatSheetSeries/pull/1597"/><published>2025-01-28T13:55:41+00:00</published></entry><entry><id>https://github.com/OWASP/CheatSheetSeries/pull/1599</id><title>Remove outdated Expect-CT advice from Node cheatsheet. Fixes #1598</title><updated>2025-02-02T06:41:59+00:00</updated><link href="https://github.com/OWASP/CheatSheetSeries/pull/1599"/><link href="https://github.com/OWASP/CheatSheetSeries/pull/1599"/><published>2025-02-02T06:41:59+00:00</published></entry><entry><id>https://github.com/OWASP/CheatSheetSeries/pull/1600</id><title>Fix typo in Kubernetes_Security_Cheat_Sheet.md</title><updated>2025-01-29T13:43:10+00:00</updated><link href="https://github.com/OWASP/CheatSheetSeries/pull/1600"/><link href="https://github.com/OWASP/CheatSheetSeries/pull/1600"/><published>2025-01-29T13:43:10+00:00</published></entry><entry><id>https://github.com/OWASP/CheatSheetSeries/pull/1602</id><title>Updated cheat sheet: Removed EMET and added new recommendations.</title><updated>2025-02-02T06:45:31+00:00</updated><link href="https://github.com/OWASP/CheatSheetSeries/pull/1602"/><link href="https://github.com/OWASP/CheatSheetSeries/pull/1602"/><published>2025-02-02T06:45:31+00:00</published></entry><entry><id>https://github.com/OWASP/CheatSheetSeries/pull/1603</id><title>Update Cross_Site_Scripting_Prevention_Cheat_Sheet.md to remove duplicate wording</title><updated>2025-02-03T14:21:20+00:00</updated><link href="https://github.com/OWASP/CheatSheetSeries/pull/1603"/><link href="https://github.com/OWASP/CheatSheetSeries/pull/1603"/><published>2025-02-03T14:21:20+00:00</published></entry><entry><id>https://github.com/OWASP/CheatSheetSeries/pull/1604</id><title>Update Input_Validation_Cheat_Sheet.md missing capitalisation.</title><updated>2025-02-03T14:19:53+00:00</updated><link href="https://github.com/OWASP/CheatSheetSeries/pull/1604"/><link href="https://github.com/OWASP/CheatSheetSeries/pull/1604"/><published>2025-02-03T14:19:53+00:00</published></entry><entry><id>https://github.com/OWASP/CheatSheetSeries/pull/1606</id><title>Change Open Web Application Security Project to Open Worldwide Applic…</title><updated>2025-02-03T14:21:45+00:00</updated><link href="https://github.com/OWASP/CheatSheetSeries/pull/1606"/><link href="https://github.com/OWASP/CheatSheetSeries/pull/1606"/><published>2025-02-03T14:21:45+00:00</published></entry><entry><id>https://github.com/OWASP/CheatSheetSeries/pull/1608</id><title>Update Credential_Stuffing_Prevention_Cheat_Sheet.md</title><updated>2025-02-04T13:17:16+00:00</updated><link href="https://github.com/OWASP/CheatSheetSeries/pull/1608"/><link href="https://github.com/OWASP/CheatSheetSeries/pull/1608"/><published>2025-02-04T13:17:16+00:00</published></entry><entry><id>https://github.com/OWASP/CheatSheetSeries/pull/1610</id><title>Update Password_Storage_Cheat_Sheet.md</title><updated>2025-02-04T13:17:03+00:00</updated><link href="https://github.com/OWASP/CheatSheetSeries/pull/1610"/><link href="https://github.com/OWASP/CheatSheetSeries/pull/1610"/><published>2025-02-04T13:17:03+00:00</published></entry><entry><id>https://github.com/OWASP/CheatSheetSeries/pull/1611</id><title>Fix typos in multiple cheatsheets</title><updated>2025-02-05T09:56:44+00:00</updated><link href="https://github.com/OWASP/CheatSheetSeries/pull/1611"/><link href="https://github.com/OWASP/CheatSheetSeries/pull/1611"/><published>2025-02-05T09:56:44+00:00</published></entry><entry><id>https://github.com/OWASP/CheatSheetSeries/pull/1612</id><title>added the drone security cheatsheet</title><updated>2025-02-20T13:54:33+00:00</updated><link href="https://github.com/OWASP/CheatSheetSeries/pull/1612"/><link href="https://github.com/OWASP/CheatSheetSeries/pull/1612"/><published>2025-02-20T13:54:33+00:00</published></entry><entry><id>https://github.com/OWASP/CheatSheetSeries/pull/1614</id><title>Update XML_External_Entity_Prevention_Cheat_Sheet.md</title><updated>2025-02-19T14:00:09+00:00</updated><link href="https://github.com/OWASP/CheatSheetSeries/pull/1614"/><link href="https://github.com/OWASP/CheatSheetSeries/pull/1614"/><published>2025-02-19T14:00:09+00:00</published></entry><entry><id>https://github.com/OWASP/CheatSheetSeries/pull/1617</id><title>Tweak ZAP references</title><updated>2025-02-25T14:51:34+00:00</updated><link href="https://github.com/OWASP/CheatSheetSeries/pull/1617"/><link href="https://github.com/OWASP/CheatSheetSeries/pull/1617"/><published>2025-02-25T14:51:34+00:00</published></entry></feed>